Angra dos Reis,,
Aperibé,,
Araruama,,
Areal,,
Armação dos Búzios,,
Arraial do Cabo,,
Barra Mansa,,
Barra do Piraí,,
Belford Roxo,,
Bom Jardim,,
Bom Jesus do Itabapoana,,
Cabo Frio,,
Cachoeiras de Macacu,,
Cambuci,,
Campos dos Goytacazes,,
Cantagalo,,
Carapebus,,
Cardoso Moreira,,
Carmo,,
Casimiro de Abreu,,
Comendador Levy Gasparian,,
Conceição de Macabu,,
Cordeiro,,
Duas Barras,,
Duque de Caxias,,
Engenheiro Paulo de Frontin,,
Guapimirim,,
Iguaba Grande,,
Itaboraí,,
Itaguaí,,
Italva,,
Itaocara,,
Itaperuna,,
Itatiaia,,
Japeri,,
Laje do Muriaé,,
Macaé,,
Macuco,,
Magé,,
Mangaratiba,,
Maricá,,
Mendes,,
Mesquita,,
Miguel Pereira,,
Miracema,,
Natividade,,
Nilópolis,,
Niterói,,
Nova Friburgo,,
Nova Iguaçu,,
Paracambi,,
Paraty,,
Paraíba do Sul,,
Paty do Alferes,,
Petrópolis,,
Pinheiral,,
Piraí,,
Porciúncula,,
Porto Real,,
Quatis,,
Queimados,,
Quissamã,,
Resende,,
Rio Bonito,,
Rio Claro,,
Rio das Flores,,
Rio das Ostras,,
Santa Maria Madalena,,
Santo Antônio de Pádua,,
Sao José de Ubá,,
Sapucaia,,
Saquarema,,
Seropédica,,
Silva Jardim,,
Sumidouro,,
São Fidélis,,
São Francisco de Itabapoana,,
São Gonçalo,,
São José do Vale do Rio Preto,,
São João da Barra,,
São João de Meriti,,
São Pedro da Aldeia,,
São Sebastião do Alto,,
Tanguá,,
Teresópolis,,
Trajano de Morais,,
Três Rios,,
Valença,,
Varre-Sai,,
Vassouras,,
Volta Redonda,,
